Дата,Просмотры
2023-03-28,1557
2023-03-29,1313
2023-03-30,1248
2023-03-31,947
2023-04-01,742
2023-04-02,1318
2023-04-03,1171
2023-04-04,1134
2023-04-05,1358
2023-04-06,1207
2023-04-07,732
2023-04-08,556
2023-04-09,991
2023-04-10,1196
2023-04-11,1059
2023-04-12,1021
2023-04-13,931
2023-04-14,634
2023-04-15,515
2023-04-16,999
2023-04-17,966
2023-04-18,1042
2023-04-19,1071
2023-04-20,969
2023-04-21,854
2023-04-22,535
2023-04-23,1013
2023-04-24,963
2023-04-25,1120
2023-04-26,998
2023-04-27,857
2023-04-28,631
2023-04-29,508
2023-04-30,538
2023-05-01,894
2023-05-02,1004
2023-05-03,1064
2023-05-04,1012
2023-05-05,649
2023-05-06,678
2023-05-07,824
2023-05-08,775
2023-05-09,1020
2023-05-10,1062
2023-05-11,1261
2023-05-12,885
2023-05-13,844
2023-05-14,1332
2023-05-15,1272
2023-05-16,1170
2023-05-17,1395
2023-05-18,1140
2023-05-19,967
2023-05-20,855
2023-05-21,1550
2023-05-22,1373
2023-05-23,1312
2023-05-24,1360
2023-05-25,1295
2023-05-26,1052
2023-05-27,915
2023-05-28,1445
2023-05-29,1374
2023-05-30,1473
2023-05-31,1590
2023-06-01,1523
2023-06-02,1197
2023-06-03,1062
2023-06-04,1342
2023-06-05,1853
2023-06-06,1651
2023-06-07,1571
2023-06-08,1253
2023-06-09,1103
2023-06-10,915
2023-06-11,1158
2023-06-12,1796
2023-06-13,1711
2023-06-14,1793
2023-06-15,1585
2023-06-16,1293
2023-06-17,1368
2023-06-18,1777
2023-06-19,1749
2023-06-20,1751
2023-06-21,1607
2023-06-22,1653
2023-06-23,1223
2023-06-24,714
2023-06-25,1170
2023-06-26,1154
2023-06-27,980
2023-06-28,902
